{
    "loss": 0.3093390464782715,
    "accuracy": 0.9526864290237427
}